acovanella = Marcos Vanella <marcos.vanella@gmail.com>
anskima@gmail.com = NAME <user@domain>
arquitetojulio@gmail.com = Julio Cesar Silva <arquitetojulio@gmail.com>
asbova01@gmail.com = Anthony Bova <asbova01@gmail.com>
ashish.newale = NAME <user@domain>
benatoms@gmail.com = NAME <user@domain>
ben.trettel = Ben Trettel <ben.trettel@gmail.com>
ben.trettel@gmail.com = Ben Trettel <ben.trettel@gmail.com>
bryan.klein@nist.gov = Bryan Klein <klein@thunderheadeng.com>
bryanwklein = Bryan Klein <klein@thunderheadeng.com>
bryanwklein@gmail.com = Bryan Klein <klein@thunderheadeng.com>
cfastdev = Richard Peacock <rpeacoc@gmail.com>
craigweinschenk = Craig Weinschenk <CraigWeinschenk@gmail.com>
craigweinschenk@gmail.com = Craig Weinschenk <CraigWeinschenk@gmail.com>
crogsch = Christian Rogsch <christian@rogsch.de>
daniel.haarhoff@gmail.com = NAME <user@domain>
daniellis@wpi.edu = NAME <user@domain>
drjfloyd = Jason Floyd <drjfloyd@gmail.com>
drjfloyd@gmail.com = Jason Floyd <drjfloyd@gmail.com>
elizabeth.mf.blanchard = NAME <user@domain>
Elizabeth.MF.Blanchard = NAME <user@domain>
Elizabeth.MF.Blanchard@gmail.com = NAME <user@domain>
fds.firebot = NAME <user@domain>
gforney = Glenn Forney  <gforney@gmail.com>
gforney@gmail.com = NAME <gforney@gmail.com>
james.hoxie = NAME <user@domain>
jmvaari@gmail.com = NAME <user@domain>
kiliansusan = Susan Kilian <kiliansusan@gmail.com>
kiliansusan@gmail.com = Susan Kilian <kiliansusan@gmail.com>
koverholt = Kristopher Overholt <koverholt@gmail.com>
koverholt@gmail.com = Kristopher Overholt <koverholt@gmail.com>
ljameslo@gmail.com = NAME <user@domain>
max.gould = NAME <user@domain>
max.gould@gmail.com = NAME <user@domain>
mcgratta = Kevin McGrattan <mcgratta@gmail.com>
mrctkg@gmail.com = NAME <user@domain>
mvanorder1 = Marcos Vanella <marcos.vanella@gmail.com>
pavapil = NAME <user@domain>
prasad.kuldeep@gmail.com = NAME <user@domain>
randy.mcdermott = Randy McDermott <randy.mcdermott@gmail.com>
rogsch@uni-wuppertal.de = Christian Rogsch <christian@rogsch.de>
ruddymell = Ruddy Mell <ruddymell@gmail.com>
ruddymell@gmail.com = Ruddy Mell <ruddymell@gmail.com>
ruddy@nist.gov = Ruddy Mell <ruddymell@gmail.com>
shostikk = Simo Hostikka <simo.hostikka@aalto.fi>
shostikk@gmail.com = Simo Hostikka <simo.hostikka@aalto.fi>
s.kilian@hhpberlin.de = Susan Kilian <kiliansusan@gmail.com>
tkorhon1 = Timo Korhonen <tkorhon1@gmail.com>
tkorhon1@gmail.com = Timo Korhonen <tkorhon1@gmail.com>
tmacksmyers = NAME <user@domain>
tmacksmyers@gmail.com = NAME <user@domain>
topisikanen = Topi Sikanen <Topi.Sikanen@gmail.com>
Topi.Sikanen = Topi Sikanen <Topi.Sikanen@gmail.com>
topi.sikanen@gmail.com = Topi Sikanen <Topi.Sikanen@gmail.com>
Topi.Sikanen@gmail.com = Topi Sikanen <Topi.Sikanen@gmail.com>
vlecous1 = NAME <user@domain>
yonsei.fds = NAME <user@domain>
